"var JYS = new Array;
var PZ = new Array;
var YF = new Array;
JYS[0] = ""交易所"";
PZ[0] = new Array;
YF[0] = new Array;
PZ[0][0] = ""品种"";
YF[0][0] = new Array;
YF[0][0][0] = new Array(""合约"",""RB2001"");
JYS[1] = '上期所';
PZ[1] = new Array;
YF[1] = new Array;
PZ[1][0] = ""螺纹钢"";
YF[1][0] = new Array;
YF[1][0][0] = new Array(""螺纹钢连续"",""RB0"");
YF[1][0][1] = new Array(""螺纹钢1912"",""RB1912"");
YF[1][0][2] = new Array(""螺纹钢2001"",""RB2001"");
YF[1][0][3] = new Array(""螺纹钢2002"",""RB2002"");
YF[1][0][4] = new Array(""螺纹钢2003"",""RB2003"");
YF[1][0][5] = new Array(""螺纹钢2004"",""RB2004"");
YF[1][0][6] = new Array(""螺纹钢2005"",""RB2005"");
YF[1][0][7] = new Array(""螺纹钢2006"",""RB2006"");
YF[1][0][8] = new Array(""螺纹钢2007"",""RB2007"");
YF[1][0][9] = new Array(""螺纹钢2008"",""RB2008"");
YF[1][0][10] = new Array(""螺纹钢2009"",""RB2009"");
YF[1][0][11] = new Array(""螺纹钢2010"",""RB2010"");
YF[1][0][12] = new Array(""螺纹钢2011"",""RB2011"");
PZ[1][1] = ""线材"";
YF[1][1] = new Array;
YF[1][1][0] = new Array(""线材连续"",""WR0"");
YF[1][1][1] = new Array(""线材1912"",""WR1912"");
YF[1][1][2] = new Array(""线材2001"",""WR2001"");
YF[1][1][3] = new Array(""线材2002"",""WR2002"");
YF[1][1][4] = new Array(""线材2003"",""WR2003"");
YF[1][1][5] = new Array(""线材2004"",""WR2004"");
YF[1][1][6] = new Array(""线材2005"",""WR2005"");
YF[1][1][7] = new Array(""线材2006"",""WR2006"");
YF[1][1][8] = new Array(""线材2007"",""WR2007"");
YF[1][1][9] = new Array(""线材2008"",""WR2008"");
YF[1][1][10] = new Array(""线材2009"",""WR2009"");
YF[1][1][11] = new Array(""线材2010"",""WR2010"");
YF[1][1][12] = new Array(""线材2011"",""WR2011"");
PZ[1][2] = ""沪铜"";
YF[1][2] = new Array;
YF[1][2][0] = new Array(""沪铜连续"",""CU0"");
YF[1][2][1] = new Array(""沪铜1912"",""CU1912"");
YF[1][2][2] = new Array(""沪铜2001"",""CU2001"");
YF[1][2][3] = new Array(""沪铜2002"",""CU2002"");
YF[1][2][4] = new Array(""沪铜2003"",""CU2003"");
YF[1][2][5] = new Array(""沪铜2004"",""CU2004"");
YF[1][2][6] = new Array(""沪铜2005"",""CU2005"");
YF[1][2][7] = new Array(""沪铜2006"",""CU2006"");
YF[1][2][8] = new Array(""沪铜2007"",""CU2007"");
YF[1][2][9] = new Array(""沪铜2008"",""CU2008"");
YF[1][2][10] = new Array(""沪铜2009"",""CU2009"");
YF[1][2][11] = new Array(""沪铜2010"",""CU2010"");
YF[1][2][12] = new Array(""沪铜2011"",""CU2011"");
PZ[1][3] = ""沪铝"";
YF[1][3] = new Array;
YF[1][3][0] = new Array(""沪铝连续"",""AL0"");
YF[1][3][1] = new Array(""沪铝1912"",""AL1912"");
YF[1][3][2] = new Array(""沪铝2001"",""AL2001"");
YF[1][3][3] = new Array(""沪铝2002"",""AL2002"");
YF[1][3][4] = new Array(""沪铝2003"",""AL2003"");
YF[1][3][5] = new Array(""沪铝2004"",""AL2004"");
YF[1][3][6] = new Array(""沪铝2005"",""AL2005"");
YF[1][3][7] = new Array(""沪铝2006"",""AL2006"");
YF[1][3][8] = new Array(""沪铝2007"",""AL2007"");
YF[1][3][9] = new Array(""沪铝2008"",""AL2008"");
YF[1][3][10] = new Array(""沪铝2009"",""AL2009"");
YF[1][3][11] = new Array(""沪铝2010"",""AL2010"");
YF[1][3][12] = new Array(""沪铝2011"",""AL2011"");
PZ[1][4] = ""橡胶"";
YF[1][4] = new Array;
YF[1][4][0] = new Array(""橡胶连续"",""RU0"");
YF[1][4][1] = new Array(""橡胶2001"",""RU2001"");
YF[1][4][2] = new Array(""橡胶2003"",""RU2003"");
YF[1][4][3] = new Array(""橡胶2004"",""RU2004"");
YF[1][4][4] = new Array(""橡胶2005"",""RU2005"");
YF[1][4][5] = new Array(""橡胶2006"",""RU2006"");
YF[1][4][6] = new Array(""橡胶2007"",""RU2007"");
YF[1][4][7] = new Array(""橡胶2008"",""RU2008"");
YF[1][4][8] = new Array(""橡胶2009"",""RU2009"");
YF[1][4][9] = new Array(""橡胶2010"",""RU2010"");
YF[1][4][10] = new Array(""橡胶2011"",""RU2011"");
PZ[1][5] = ""燃油"";
YF[1][5] = new Array;
YF[1][5][0] = new Array(""燃油连续"",""FU0"");
YF[1][5][1] = new Array(""燃油1912"",""FU1912"");
YF[1][5][2] = new Array(""燃油2002"",""FU2002"");
YF[1][5][3] = new Array(""燃油2003"",""FU2003"");
YF[1][5][4] = new Array(""燃油2004"",""FU2004"");
YF[1][5][5] = new Array(""燃油2005"",""FU2005"");
YF[1][5][6] = new Array(""燃油2006"",""FU2006"");
YF[1][5][7] = new Array(""燃油2007"",""FU2007"");
YF[1][5][8] = new Array(""燃油2008"",""FU2008"");
YF[1][5][9] = new Array(""燃油2009"",""FU2009"");
YF[1][5][10] = new Array(""燃油2010"",""FU2010"");
PZ[1][6] = ""沪锌"";
YF[1][6] = new Array;
YF[1][6][0] = new Array(""沪锌连续"",""ZN0"");
YF[1][6][1] = new Array(""沪锌1912"",""ZN1912"");
YF[1][6][2] = new Array(""沪锌2001"",""ZN2001"");
YF[1][6][3] = new Array(""沪锌2002"",""ZN2002"");
YF[1][6][4] = new Array(""沪锌2003"",""ZN2003"");
YF[1][6][5] = new Array(""沪锌2004"",""ZN2004"");
YF[1][6][6] = new Array(""沪锌2005"",""ZN2005"");
YF[1][6][7] = new Array(""沪锌2006"",""ZN2006"");
YF[1][6][8] = new Array(""沪锌2007"",""ZN2007"");
YF[1][6][9] = new Array(""沪锌2008"",""ZN2008"");
YF[1][6][10] = new Array(""沪锌2009"",""ZN2009"");
YF[1][6][11] = new Array(""沪锌2010"",""ZN2010"");
YF[1][6][12] = new Array(""沪锌2011"",""ZN2011"");
PZ[1][7] = ""黄金"";
YF[1][7] = new Array;
YF[1][7][0] = new Array(""黄金连续"",""AU0"");
YF[1][7][1] = new Array(""黄金1912"",""AU1912"");
YF[1][7][2] = new Array(""黄金2002"",""AU2002"");
YF[1][7][3] = new Array(""黄金2004"",""AU2004"");
YF[1][7][4] = new Array(""黄金2006"",""AU2006"");
YF[1][7][5] = new Array(""黄金2008"",""AU2008"");
YF[1][7][6] = new Array(""黄金2010"",""AU2010"");
PZ[1][8] = ""白银"";
YF[1][8] = new Array;
YF[1][8][0] = new Array(""白银连续"",""AG0"");
YF[1][8][1] = new Array(""白银1912"",""AG1912"");
YF[1][8][2] = new Array(""白银2001"",""AG2001"");
YF[1][8][3] = new Array(""白银2002"",""AG2002"");
YF[1][8][4] = new Array(""白银2003"",""AG2003"");
YF[1][8][5] = new Array(""白银2004"",""AG2004"");
YF[1][8][6] = new Array(""白银2005"",""AG2005"");
YF[1][8][7] = new Array(""白银2006"",""AG2006"");
YF[1][8][8] = new Array(""白银2007"",""AG2007"");
YF[1][8][9] = new Array(""白银2008"",""AG2008"");
YF[1][8][10] = new Array(""白银2009"",""AG2009"");
YF[1][8][11] = new Array(""白银2010"",""AG2010"");
YF[1][8][12] = new Array(""白银2011"",""AG2011"");
PZ[1][9] = ""沥青"";
YF[1][9] = new Array;
YF[1][9][0] = new Array(""沥青连续"",""BU0"");
YF[1][9][1] = new Array(""沥青1912"",""BU1912"");
YF[1][9][2] = new Array(""沥青2001"",""BU2001"");
YF[1][9][3] = new Array(""沥青2002"",""BU2002"");
YF[1][9][4] = new Array(""沥青2003"",""BU2003"");
YF[1][9][5] = new Array(""沥青2004"",""BU2004"");
YF[1][9][6] = new Array(""沥青2005"",""BU2005"");
YF[1][9][7] = new Array(""沥青2006"",""BU2006"");
YF[1][9][8] = new Array(""沥青2009"",""BU2009"");
YF[1][9][9] = new Array(""沥青2012"",""BU2012"");
PZ[1][10] = ""热轧卷板"";
YF[1][10] = new Array;
YF[1][10][0] = new Array(""热轧卷板连续"",""HC0"");
YF[1][10][1] = new Array(""热轧卷板1912"",""HC1912"");
YF[1][10][2] = new Array(""热轧卷板2001"",""HC2001"");
YF[1][10][3] = new Array(""热轧卷板2002"",""HC2002"");
YF[1][10][4] = new Array(""热轧卷板2003"",""HC2003"");
YF[1][10][5] = new Array(""热轧卷板2004"",""HC2004"");
YF[1][10][6] = new Array(""热轧卷板2005"",""HC2005"");
YF[1][10][7] = new Array(""热轧卷板2006"",""HC2006"");
YF[1][10][8] = new Array(""热轧卷板2007"",""HC2007"");
YF[1][10][9] = new Array(""热轧卷板2008"",""HC2008"");
YF[1][10][10] = new Array(""热轧卷板2009"",""HC2009"");
YF[1][10][11] = new Array(""热轧卷板2010"",""HC2010"");
YF[1][10][12] = new Array(""热轧卷板2011"",""HC2011"");
PZ[1][11] = ""沪镍"";
YF[1][11] = new Array;
YF[1][11][0] = new Array(""沪镍连续"",""NI0"");
YF[1][11][1] = new Array(""沪镍1912"",""NI1912"");
YF[1][11][2] = new Array(""沪镍2001"",""NI2001"");
YF[1][11][3] = new Array(""沪镍2002"",""NI2002"");
YF[1][11][4] = new Array(""沪镍2003"",""NI2003"");
YF[1][11][5] = new Array(""沪镍2004"",""NI2004"");
YF[1][11][6] = new Array(""沪镍2005"",""NI2005"");
YF[1][11][7] = new Array(""沪镍2006"",""NI2006"");
YF[1][11][8] = new Array(""沪镍2007"",""NI2007"");
YF[1][11][9] = new Array(""沪镍2008"",""NI2008"");
YF[1][11][10] = new Array(""沪镍2009"",""NI2009"");
YF[1][11][11] = new Array(""沪镍2010"",""NI2010"");
YF[1][11][12] = new Array(""沪镍2011"",""NI2011"");
PZ[1][12] = ""沪铅"";
YF[1][12] = new Array;
YF[1][12][0] = new Array(""沪铅连续"",""PB0"");
YF[1][12][1] = new Array(""沪铅1912"",""PB1912"");
YF[1][12][2] = new Array(""沪铅2001"",""PB2001"");
YF[1][12][3] = new Array(""沪铅2002"",""PB2002"");
YF[1][12][4] = new Array(""沪铅2003"",""PB2003"");
YF[1][12][5] = new Array(""沪铅2004"",""PB2004"");
YF[1][12][6] = new Array(""沪铅2005"",""PB2005"");
YF[1][12][7] = new Array(""沪铅2006"",""PB2006"");
YF[1][12][8] = new Array(""沪铅2007"",""PB2007"");
YF[1][12][9] = new Array(""沪铅2008"",""PB2008"");
YF[1][12][10] = new Array(""沪铅2009"",""PB2009"");
YF[1][12][11] = new Array(""沪铅2010"",""PB2010"");
YF[1][12][12] = new Array(""沪铅2011"",""PB2011"");
PZ[1][13] = ""原油"";
YF[1][13] = new Array;
YF[1][13][0] = new Array(""原油连续"",""SC0"");
YF[1][13][1] = new Array(""原油1912"",""SC1912"");
YF[1][13][2] = new Array(""原油2001"",""SC2001"");
YF[1][13][3] = new Array(""原油2002"",""SC2002"");
YF[1][13][4] = new Array(""原油2003"",""SC2003"");
YF[1][13][5] = new Array(""原油2004"",""SC2004"");
YF[1][13][6] = new Array(""原油2005"",""SC2005"");
YF[1][13][7] = new Array(""原油2006"",""SC2006"");
YF[1][13][8] = new Array(""原油2007"",""SC2007"");
YF[1][13][9] = new Array(""原油2008"",""SC2008"");
YF[1][13][10] = new Array(""原油2009"",""SC2009"");
YF[1][13][11] = new Array(""原油2010"",""SC2010"");
PZ[1][14] = ""沪锡"";
YF[1][14] = new Array;
YF[1][14][0] = new Array(""沪锡连续"",""SN0"");
YF[1][14][1] = new Array(""沪锡1912"",""SN1912"");
YF[1][14][2] = new Array(""沪锡2001"",""SN2001"");
YF[1][14][3] = new Array(""沪锡2002"",""SN2002"");
YF[1][14][4] = new Array(""沪锡2003"",""SN2003"");
YF[1][14][5] = new Array(""沪锡2004"",""SN2004"");
YF[1][14][6] = new Array(""沪锡2005"",""SN2005"");
YF[1][14][7] = new Array(""沪锡2006"",""SN2006"");
YF[1][14][8] = new Array(""沪锡2007"",""SN2007"");
YF[1][14][9] = new Array(""沪锡2008"",""SN2008"");
YF[1][14][10] = new Array(""沪锡2009"",""SN2009"");
YF[1][14][11] = new Array(""沪锡2010"",""SN2010"");
YF[1][14][12] = new Array(""沪锡2011"",""SN2011"");
PZ[1][15] = ""纸浆"";
YF[1][15] = new Array;
YF[1][15][0] = new Array(""纸浆连续"",""SP0"");
YF[1][15][1] = new Array(""纸浆1912"",""SP1912"");
YF[1][15][2] = new Array(""纸浆2001"",""SP2001"");
YF[1][15][3] = new Array(""纸浆2002"",""SP2002"");
YF[1][15][4] = new Array(""纸浆2003"",""SP2003"");
YF[1][15][5] = new Array(""纸浆2004"",""SP2004"");
YF[1][15][6] = new Array(""纸浆2005"",""SP2005"");
YF[1][15][7] = new Array(""纸浆2006"",""SP2006"");
YF[1][15][8] = new Array(""纸浆2007"",""SP2007"");
YF[1][15][9] = new Array(""纸浆2008"",""SP2008"");
YF[1][15][10] = new Array(""纸浆2009"",""SP2009"");
YF[1][15][11] = new Array(""纸浆2010"",""SP2010"");
YF[1][15][12] = new Array(""纸浆2011"",""SP2011"");
JYS[2] = '大商所';
PZ[2] = new Array;
YF[2] = new Array;
PZ[2][0] = ""豆一"";
YF[2][0] = new Array;
YF[2][0][0] = new Array(""豆一连续"",""A0"");
YF[2][0][1] = new Array(""豆一2001"",""A2001"");
YF[2][0][2] = new Array(""豆一2003"",""A2003"");
YF[2][0][3] = new Array(""豆一2005"",""A2005"");
YF[2][0][4] = new Array(""豆一2007"",""A2007"");
YF[2][0][5] = new Array(""豆一2009"",""A2009"");
YF[2][0][6] = new Array(""豆一2011"",""A2011"");
PZ[2][1] = ""豆二"";
YF[2][1] = new Array;
YF[2][1][0] = new Array(""豆二连续"",""B0"");
YF[2][1][1] = new Array(""豆二2001"",""B2001"");
YF[2][1][2] = new Array(""豆二2003"",""B2003"");
YF[2][1][3] = new Array(""豆二2005"",""B2005"");
YF[2][1][4] = new Array(""豆二2007"",""B2007"");
YF[2][1][5] = new Array(""豆二2009"",""B2009"");
YF[2][1][6] = new Array(""豆二2011"",""B2011"");
PZ[2][2] = ""胶合板"";
YF[2][2] = new Array;
YF[2][2][0] = new Array(""胶合板连续"",""BB0"");
YF[2][2][1] = new Array(""胶合板1912"",""BB1912"");
YF[2][2][2] = new Array(""胶合板2001"",""BB2001"");
YF[2][2][3] = new Array(""胶合板2002"",""BB2002"");
YF[2][2][4] = new Array(""胶合板2003"",""BB2003"");
YF[2][2][5] = new Array(""胶合板2004"",""BB2004"");
YF[2][2][6] = new Array(""胶合板2005"",""BB2005"");
YF[2][2][7] = new Array(""胶合板2006"",""BB2006"");
YF[2][2][8] = new Array(""胶合板2007"",""BB2007"");
YF[2][2][9] = new Array(""胶合板2008"",""BB2008"");
YF[2][2][10] = new Array(""胶合板2009"",""BB2009"");
YF[2][2][11] = new Array(""胶合板2010"",""BB2010"");
YF[2][2][12] = new Array(""胶合板2011"",""BB2011"");
PZ[2][3] = ""玉米"";
YF[2][3] = new Array;
YF[2][3][0] = new Array(""玉米连续"",""C0"");
YF[2][3][1] = new Array(""玉米2001"",""C2001"");
YF[2][3][2] = new Array(""玉米2003"",""C2003"");
YF[2][3][3] = new Array(""玉米2005"",""C2005"");
YF[2][3][4] = new Array(""玉米2007"",""C2007"");
YF[2][3][5] = new Array(""玉米2009"",""C2009"");
YF[2][3][6] = new Array(""玉米2011"",""C2011"");
PZ[2][4] = ""玉米淀粉"";
YF[2][4] = new Array;
YF[2][4][0] = new Array(""玉米淀粉连续"",""CS0"");
YF[2][4][1] = new Array(""玉米淀粉2001"",""CS2001"");
YF[2][4][2] = new Array(""玉米淀粉2003"",""CS2003"");
YF[2][4][3] = new Array(""玉米淀粉2005"",""CS2005"");
YF[2][4][4] = new Array(""玉米淀粉2007"",""CS2007"");
YF[2][4][5] = new Array(""玉米淀粉2009"",""CS2009"");
PZ[2][5] = ""乙二醇"";
YF[2][5] = new Array;
YF[2][5][0] = new Array(""乙二醇连续"",""EG0"");
YF[2][5][1] = new Array(""乙二醇1912"",""EG1912"");
YF[2][5][2] = new Array(""乙二醇2001"",""EG2001"");
YF[2][5][3] = new Array(""乙二醇2002"",""EG2002"");
YF[2][5][4] = new Array(""乙二醇2003"",""EG2003"");
YF[2][5][5] = new Array(""乙二醇2004"",""EG2004"");
YF[2][5][6] = new Array(""乙二醇2005"",""EG2005"");
YF[2][5][7] = new Array(""乙二醇2006"",""EG2006"");
YF[2][5][8] = new Array(""乙二醇2007"",""EG2007"");
YF[2][5][9] = new Array(""乙二醇2008"",""EG2008"");
YF[2][5][10] = new Array(""乙二醇2009"",""EG2009"");
YF[2][5][11] = new Array(""乙二醇2010"",""EG2010"");
PZ[2][6] = ""纤维板"";
YF[2][6] = new Array;
YF[2][6][0] = new Array(""纤维板连续"",""FB0"");
YF[2][6][1] = new Array(""纤维板1912"",""FB1912"");
YF[2][6][2] = new Array(""纤维板2001"",""FB2001"");
YF[2][6][3] = new Array(""纤维板2002"",""FB2002"");
YF[2][6][4] = new Array(""纤维板2003"",""FB2003"");
YF[2][6][5] = new Array(""纤维板2004"",""FB2004"");
YF[2][6][6] = new Array(""纤维板2005"",""FB2005"");
YF[2][6][7] = new Array(""纤维板2006"",""FB2006"");
YF[2][6][8] = new Array(""纤维板2007"",""FB2007"");
YF[2][6][9] = new Array(""纤维板2008"",""FB2008"");
YF[2][6][10] = new Array(""纤维板2009"",""FB2009"");
YF[2][6][11] = new Array(""纤维板2010"",""FB2010"");
YF[2][6][12] = new Array(""纤维板2011"",""FB2011"");
PZ[2][7] = ""铁矿石"";
YF[2][7] = new Array;
YF[2][7][0] = new Array(""铁矿石连续"",""I0"");
YF[2][7][1] = new Array(""铁矿石1912"",""I1912"");
YF[2][7][2] = new Array(""铁矿石2001"",""I2001"");
YF[2][7][3] = new Array(""铁矿石2002"",""I2002"");
YF[2][7][4] = new Array(""铁矿石2003"",""I2003"");
YF[2][7][5] = new Array(""铁矿石2004"",""I2004"");
YF[2][7][6] = new Array(""铁矿石2005"",""I2005"");
YF[2][7][7] = new Array(""铁矿石2006"",""I2006"");
YF[2][7][8] = new Array(""铁矿石2007"",""I2007"");
YF[2][7][9] = new Array(""铁矿石2008"",""I2008"");
YF[2][7][10] = new Array(""铁矿石2009"",""I2009"");
YF[2][7][11] = new Array(""铁矿石2010"",""I2010"");
YF[2][7][12] = new Array(""铁矿石2011"",""I2011"");
PZ[2][8] = ""焦炭"";
YF[2][8] = new Array;
YF[2][8][0] = new Array(""焦炭连续"",""J0"");
YF[2][8][1] = new Array(""焦炭1912"",""J1912"");
YF[2][8][2] = new Array(""焦炭2001"",""J2001"");
YF[2][8][3] = new Array(""焦炭2002"",""J2002"");
YF[2][8][4] = new Array(""焦炭2003"",""J2003"");
YF[2][8][5] = new Array(""焦炭2004"",""J2004"");
YF[2][8][6] = new Array(""焦炭2005"",""J2005"");
YF[2][8][7] = new Array(""焦炭2006"",""J2006"");
YF[2][8][8] = new Array(""焦炭2007"",""J2007"");
YF[2][8][9] = new Array(""焦炭2008"",""J2008"");
YF[2][8][10] = new Array(""焦炭2009"",""J2009"");
YF[2][8][11] = new Array(""焦炭2010"",""J2010"");
YF[2][8][12] = new Array(""焦炭2011"",""J2011"");
PZ[2][9] = ""鸡蛋"";
YF[2][9] = new Array;
YF[2][9][0] = new Array(""鸡蛋连续"",""JD0"");
YF[2][9][1] = new Array(""鸡蛋1912"",""JD1912"");
YF[2][9][2] = new Array(""鸡蛋2001"",""JD2001"");
YF[2][9][3] = new Array(""鸡蛋2002"",""JD2002"");
YF[2][9][4] = new Array(""鸡蛋2003"",""JD2003"");
YF[2][9][5] = new Array(""鸡蛋2004"",""JD2004"");
YF[2][9][6] = new Array(""鸡蛋2005"",""JD2005"");
YF[2][9][7] = new Array(""鸡蛋2006"",""JD2006"");
YF[2][9][8] = new Array(""鸡蛋2007"",""JD2007"");
YF[2][9][9] = new Array(""鸡蛋2008"",""JD2008"");
YF[2][9][10] = new Array(""鸡蛋2009"",""JD2009"");
YF[2][9][11] = new Array(""鸡蛋2010"",""JD2010"");
YF[2][9][12] = new Array(""鸡蛋2011"",""JD2011"");
PZ[2][10] = ""焦煤"";
YF[2][10] = new Array;
YF[2][10][0] = new Array(""焦煤连续"",""JM0"");
YF[2][10][1] = new Array(""焦煤1912"",""JM1912"");
YF[2][10][2] = new Array(""焦煤2001"",""JM2001"");
YF[2][10][3] = new Array(""焦煤2002"",""JM2002"");
YF[2][10][4] = new Array(""焦煤2003"",""JM2003"");
YF[2][10][5] = new Array(""焦煤2004"",""JM2004"");
YF[2][10][6] = new Array(""焦煤2005"",""JM2005"");
YF[2][10][7] = new Array(""焦煤2006"",""JM2006"");
YF[2][10][8] = new Array(""焦煤2007"",""JM2007"");
YF[2][10][9] = new Array(""焦煤2008"",""JM2008"");
YF[2][10][10] = new Array(""焦煤2009"",""JM2009"");
YF[2][10][11] = new Array(""焦煤2010"",""JM2010"");
YF[2][10][12] = new Array(""焦煤2011"",""JM2011"");
PZ[2][11] = ""塑料"";
YF[2][11] = new Array;
YF[2][11][0] = new Array(""塑料连续"",""L0"");
YF[2][11][1] = new Array(""塑料1912"",""L1912"");
YF[2][11][2] = new Array(""塑料2001"",""L2001"");
YF[2][11][3] = new Array(""塑料2002"",""L2002"");
YF[2][11][4] = new Array(""塑料2003"",""L2003"");
YF[2][11][5] = new Array(""塑料2004"",""L2004"");
YF[2][11][6] = new Array(""塑料2005"",""L2005"");
YF[2][11][7] = new Array(""塑料2006"",""L2006"");
YF[2][11][8] = new Array(""塑料2007"",""L2007"");
YF[2][11][9] = new Array(""塑料2008"",""L2008"");
YF[2][11][10] = new Array(""塑料2009"",""L2009"");
YF[2][11][11] = new Array(""塑料2010"",""L2010"");
YF[2][11][12] = new Array(""塑料2011"",""L2011"");
PZ[2][12] = ""豆粕"";
YF[2][12] = new Array;
YF[2][12][0] = new Array(""豆粕连续"",""M0"");
YF[2][12][1] = new Array(""豆粕1912"",""M1912"");
YF[2][12][2] = new Array(""豆粕2001"",""M2001"");
YF[2][12][3] = new Array(""豆粕2003"",""M2003"");
YF[2][12][4] = new Array(""豆粕2005"",""M2005"");
YF[2][12][5] = new Array(""豆粕2007"",""M2007"");
YF[2][12][6] = new Array(""豆粕2008"",""M2008"");
YF[2][12][7] = new Array(""豆粕2009"",""M2009"");
YF[2][12][8] = new Array(""豆粕2011"",""M2011"");
PZ[2][13] = ""棕榈"";
YF[2][13] = new Array;
YF[2][13][0] = new Array(""棕榈连续"",""P0"");
YF[2][13][1] = new Array(""棕榈1912"",""P1912"");
YF[2][13][2] = new Array(""棕榈2001"",""P2001"");
YF[2][13][3] = new Array(""棕榈2002"",""P2002"");
YF[2][13][4] = new Array(""棕榈2003"",""P2003"");
YF[2][13][5] = new Array(""棕榈2004"",""P2004"");
YF[2][13][6] = new Array(""棕榈2005"",""P2005"");
YF[2][13][7] = new Array(""棕榈2006"",""P2006"");
YF[2][13][8] = new Array(""棕榈2007"",""P2007"");
YF[2][13][9] = new Array(""棕榈2008"",""P2008"");
YF[2][13][10] = new Array(""棕榈2009"",""P2009"");
YF[2][13][11] = new Array(""棕榈2010"",""P2010"");
YF[2][13][12] = new Array(""棕榈2011"",""P2011"");
PZ[2][14] = ""PP"";
YF[2][14] = new Array;
YF[2][14][0] = new Array(""PP连续"",""PP0"");
YF[2][14][1] = new Array(""PP1912"",""PP1912"");
YF[2][14][2] = new Array(""PP2001"",""PP2001"");
YF[2][14][3] = new Array(""PP2002"",""PP2002"");
YF[2][14][4] = new Array(""PP2003"",""PP2003"");
YF[2][14][5] = new Array(""PP2004"",""PP2004"");
YF[2][14][6] = new Array(""PP2005"",""PP2005"");
YF[2][14][7] = new Array(""PP2006"",""PP2006"");
YF[2][14][8] = new Array(""PP2007"",""PP2007"");
YF[2][14][9] = new Array(""PP2008"",""PP2008"");
YF[2][14][10] = new Array(""PP2009"",""PP2009"");
YF[2][14][11] = new Array(""PP2010"",""PP2010"");
YF[2][14][12] = new Array(""PP2011"",""PP2011"");
PZ[2][15] = ""PVC"";
YF[2][15] = new Array;
YF[2][15][0] = new Array(""PVC连续"",""V0"");
YF[2][15][1] = new Array(""PVC1912"",""V1912"");
YF[2][15][2] = new Array(""PVC2001"",""V2001"");
YF[2][15][3] = new Array(""PVC2002"",""V2002"");
YF[2][15][4] = new Array(""PVC2003"",""V2003"");
YF[2][15][5] = new Array(""PVC2004"",""V2004"");
YF[2][15][6] = new Array(""PVC2005"",""V2005"");
YF[2][15][7] = new Array(""PVC2006"",""V2006"");
YF[2][15][8] = new Array(""PVC2007"",""V2007"");
YF[2][15][9] = new Array(""PVC2008"",""V2008"");
YF[2][15][10] = new Array(""PVC2009"",""V2009"");
YF[2][15][11] = new Array(""PVC2010"",""V2010"");
YF[2][15][12] = new Array(""PVC2011"",""V2011"");
PZ[2][16] = ""豆油"";
YF[2][16] = new Array;
YF[2][16][0] = new Array(""豆油连续"",""Y0"");
YF[2][16][1] = new Array(""豆油1912"",""Y1912"");
YF[2][16][2] = new Array(""豆油2001"",""Y2001"");
YF[2][16][3] = new Array(""豆油2003"",""Y2003"");
YF[2][16][4] = new Array(""豆油2005"",""Y2005"");
YF[2][16][5] = new Array(""豆油2007"",""Y2007"");
YF[2][16][6] = new Array(""豆油2008"",""Y2008"");
YF[2][16][7] = new Array(""豆油2009"",""Y2009"");
YF[2][16][8] = new Array(""豆油2011"",""Y2011"");
JYS[3] = '郑商所';
PZ[3] = new Array;
YF[3] = new Array;
PZ[3][0] = ""鲜苹果"";
YF[3][0] = new Array;
YF[3][0][0] = new Array(""鲜苹果连续"",""AP0"");
YF[3][0][1] = new Array(""鲜苹果1911"",""AP1911"");
YF[3][0][2] = new Array(""鲜苹果1912"",""AP1912"");
YF[3][0][3] = new Array(""鲜苹果2001"",""AP2001"");
YF[3][0][4] = new Array(""鲜苹果2003"",""AP2003"");
YF[3][0][5] = new Array(""鲜苹果2005"",""AP2005"");
YF[3][0][6] = new Array(""鲜苹果2007"",""AP2007"");
YF[3][0][7] = new Array(""鲜苹果2010"",""AP2010"");
YF[3][0][8] = new Array(""鲜苹果2011"",""AP2011"");
PZ[3][1] = ""棉花"";
YF[3][1] = new Array;
YF[3][1][0] = new Array(""棉花连续"",""CF0"");
YF[3][1][1] = new Array(""棉花2001"",""CF2001"");
YF[3][1][2] = new Array(""棉花2003"",""CF2003"");
YF[3][1][3] = new Array(""棉花2005"",""CF2005"");
YF[3][1][4] = new Array(""棉花2007"",""CF2007"");
YF[3][1][5] = new Array(""棉花2009"",""CF2009"");
PZ[3][2] = ""红枣"";
YF[3][2] = new Array;
YF[3][2][0] = new Array(""红枣连续"",""CJ0"");
YF[3][2][1] = new Array(""红枣1912"",""CJ1912"");
YF[3][2][2] = new Array(""红枣2001"",""CJ2001"");
YF[3][2][3] = new Array(""红枣2003"",""CJ2003"");
YF[3][2][4] = new Array(""红枣2005"",""CJ2005"");
YF[3][2][5] = new Array(""红枣2007"",""CJ2007"");
PZ[3][3] = ""棉纱"";
YF[3][3] = new Array;
YF[3][3][0] = new Array(""棉纱连续"",""CY0"");
YF[3][3][1] = new Array(""棉纱1911"",""CY1911"");
YF[3][3][2] = new Array(""棉纱1912"",""CY1912"");
YF[3][3][3] = new Array(""棉纱2001"",""CY2001"");
YF[3][3][4] = new Array(""棉纱2002"",""CY2002"");
YF[3][3][5] = new Array(""棉纱2003"",""CY2003"");
YF[3][3][6] = new Array(""棉纱2004"",""CY2004"");
YF[3][3][7] = new Array(""棉纱2005"",""CY2005"");
YF[3][3][8] = new Array(""棉纱2006"",""CY2006"");
YF[3][3][9] = new Array(""棉纱2007"",""CY2007"");
YF[3][3][10] = new Array(""棉纱2008"",""CY2008"");
YF[3][3][11] = new Array(""棉纱2009"",""CY2009"");
YF[3][3][12] = new Array(""棉纱2010"",""CY2010"");
YF[3][3][13] = new Array(""棉纱2011"",""CY2011"");
PZ[3][4] = ""玻璃"";
YF[3][4] = new Array;
YF[3][4][0] = new Array(""玻璃连续"",""FG0"");
YF[3][4][1] = new Array(""玻璃1912"",""FG1912"");
YF[3][4][2] = new Array(""玻璃2001"",""FG2001"");
YF[3][4][3] = new Array(""玻璃2002"",""FG2002"");
YF[3][4][4] = new Array(""玻璃2003"",""FG2003"");
YF[3][4][5] = new Array(""玻璃2004"",""FG2004"");
YF[3][4][6] = new Array(""玻璃2005"",""FG2005"");
YF[3][4][7] = new Array(""玻璃2006"",""FG2006"");
YF[3][4][8] = new Array(""玻璃2007"",""FG2007"");
YF[3][4][9] = new Array(""玻璃2008"",""FG2008"");
YF[3][4][10] = new Array(""玻璃2009"",""FG2009"");
YF[3][4][11] = new Array(""玻璃2010"",""FG2010"");
PZ[3][5] = ""粳稻"";
YF[3][5] = new Array;
YF[3][5][0] = new Array(""粳稻连续"",""JR0"");
YF[3][5][1] = new Array(""粳稻2001"",""JR2001"");
YF[3][5][2] = new Array(""粳稻2003"",""JR2003"");
YF[3][5][3] = new Array(""粳稻2005"",""JR2005"");
YF[3][5][4] = new Array(""粳稻2007"",""JR2007"");
YF[3][5][5] = new Array(""粳稻2009"",""JR2009"");
YF[3][5][6] = new Array(""粳稻2011"",""JR2011"");
PZ[3][6] = ""晚籼稻"";
YF[3][6] = new Array;
YF[3][6][0] = new Array(""晚籼稻连续"",""LR0"");
YF[3][6][1] = new Array(""晚籼稻2001"",""LR2001"");
YF[3][6][2] = new Array(""晚籼稻2003"",""LR2003"");
YF[3][6][3] = new Array(""晚籼稻2005"",""LR2005"");
YF[3][6][4] = new Array(""晚籼稻2007"",""LR2007"");
YF[3][6][5] = new Array(""晚籼稻2009"",""LR2009"");
YF[3][6][6] = new Array(""晚籼稻2011"",""LR2011"");
PZ[3][7] = ""郑醇"";
YF[3][7] = new Array;
YF[3][7][0] = new Array(""郑醇连续"",""MA0"");
YF[3][7][1] = new Array(""郑醇1912"",""MA1912"");
YF[3][7][2] = new Array(""郑醇2001"",""MA2001"");
YF[3][7][3] = new Array(""郑醇2002"",""MA2002"");
YF[3][7][4] = new Array(""郑醇2003"",""MA2003"");
YF[3][7][5] = new Array(""郑醇2004"",""MA2004"");
YF[3][7][6] = new Array(""郑醇2005"",""MA2005"");
YF[3][7][7] = new Array(""郑醇2006"",""MA2006"");
YF[3][7][8] = new Array(""郑醇2007"",""MA2007"");
YF[3][7][9] = new Array(""郑醇2008"",""MA2008"");
YF[3][7][10] = new Array(""郑醇2009"",""MA2009"");
YF[3][7][11] = new Array(""郑醇2010"",""MA2010"");
PZ[3][8] = ""菜油"";
YF[3][8] = new Array;
YF[3][8][0] = new Array(""菜油连续"",""OI0"");
YF[3][8][1] = new Array(""菜油2001"",""OI2001"");
YF[3][8][2] = new Array(""菜油2003"",""OI2003"");
YF[3][8][3] = new Array(""菜油2005"",""OI2005"");
YF[3][8][4] = new Array(""菜油2007"",""OI2007"");
YF[3][8][5] = new Array(""菜油2009"",""OI2009"");
PZ[3][9] = ""早籼稻"";
YF[3][9] = new Array;
YF[3][9][0] = new Array(""早籼稻连续"",""RI0"");
YF[3][9][1] = new Array(""早籼稻1911"",""RI1911"");
YF[3][9][2] = new Array(""早籼稻2001"",""RI2001"");
YF[3][9][3] = new Array(""早籼稻2003"",""RI2003"");
YF[3][9][4] = new Array(""早籼稻2005"",""RI2005"");
YF[3][9][5] = new Array(""早籼稻2007"",""RI2007"");
YF[3][9][6] = new Array(""早籼稻2009"",""RI2009"");
YF[3][9][7] = new Array(""早籼稻2011"",""RI2011"");
PZ[3][10] = ""菜粕"";
YF[3][10] = new Array;
YF[3][10][0] = new Array(""菜粕连续"",""RM0"");
YF[3][10][1] = new Array(""菜粕2001"",""RM2001"");
YF[3][10][2] = new Array(""菜粕2003"",""RM2003"");
YF[3][10][3] = new Array(""菜粕2005"",""RM2005"");
YF[3][10][4] = new Array(""菜粕2007"",""RM2007"");
YF[3][10][5] = new Array(""菜粕2008"",""RM2008"");
YF[3][10][6] = new Array(""菜粕2009"",""RM2009"");
PZ[3][11] = ""菜籽"";
YF[3][11] = new Array;
YF[3][11][0] = new Array(""菜籽连续"",""RS0"");
YF[3][11][1] = new Array(""菜籽1911"",""RS1911"");
YF[3][11][2] = new Array(""菜籽2007"",""RS2007"");
YF[3][11][3] = new Array(""菜籽2008"",""RS2008"");
YF[3][11][4] = new Array(""菜籽2009"",""RS2009"");
YF[3][11][5] = new Array(""菜籽2011"",""RS2011"");
PZ[3][12] = ""硅铁"";
YF[3][12] = new Array;
YF[3][12][0] = new Array(""硅铁连续"",""SF0"");
YF[3][12][1] = new Array(""硅铁1911"",""SF1911"");
YF[3][12][2] = new Array(""硅铁1912"",""SF1912"");
YF[3][12][3] = new Array(""硅铁2001"",""SF2001"");
YF[3][12][4] = new Array(""硅铁2002"",""SF2002"");
YF[3][12][5] = new Array(""硅铁2003"",""SF2003"");
YF[3][12][6] = new Array(""硅铁2004"",""SF2004"");
YF[3][12][7] = new Array(""硅铁2005"",""SF2005"");
YF[3][12][8] = new Array(""硅铁2006"",""SF2006"");
YF[3][12][9] = new Array(""硅铁2007"",""SF2007"");
YF[3][12][10] = new Array(""硅铁2008"",""SF2008"");
YF[3][12][11] = new Array(""硅铁2009"",""SF2009"");
YF[3][12][12] = new Array(""硅铁2010"",""SF2010"");
YF[3][12][13] = new Array(""硅铁2011"",""SF2011"");
PZ[3][13] = ""锰硅"";
YF[3][13] = new Array;
YF[3][13][0] = new Array(""锰硅连续"",""SM0"");
YF[3][13][1] = new Array(""锰硅1911"",""SM1911"");
YF[3][13][2] = new Array(""锰硅1912"",""SM1912"");
YF[3][13][3] = new Array(""锰硅2001"",""SM2001"");
YF[3][13][4] = new Array(""锰硅2002"",""SM2002"");
YF[3][13][5] = new Array(""锰硅2003"",""SM2003"");
YF[3][13][6] = new Array(""锰硅2004"",""SM2004"");
YF[3][13][7] = new Array(""锰硅2005"",""SM2005"");
YF[3][13][8] = new Array(""锰硅2006"",""SM2006"");
YF[3][13][9] = new Array(""锰硅2007"",""SM2007"");
YF[3][13][10] = new Array(""锰硅2008"",""SM2008"");
YF[3][13][11] = new Array(""锰硅2009"",""SM2009"");
YF[3][13][12] = new Array(""锰硅2010"",""SM2010"");
YF[3][13][13] = new Array(""锰硅2011"",""SM2011"");
PZ[3][14] = ""白糖"";
YF[3][14] = new Array;
YF[3][14][0] = new Array(""白糖连续"",""SR0"");
YF[3][14][1] = new Array(""白糖2001"",""SR2001"");
YF[3][14][2] = new Array(""白糖2003"",""SR2003"");
YF[3][14][3] = new Array(""白糖2005"",""SR2005"");
YF[3][14][4] = new Array(""白糖2007"",""SR2007"");
YF[3][14][5] = new Array(""白糖2009"",""SR2009"");
YF[3][14][6] = new Array(""白糖2011"",""SR2011"");
PZ[3][15] = ""PTA"";
YF[3][15] = new Array;
YF[3][15][0] = new Array(""PTA连续"",""TA0"");
YF[3][15][1] = new Array(""PTA1912"",""TA1912"");
YF[3][15][2] = new Array(""PTA2001"",""TA2001"");
YF[3][15][3] = new Array(""PTA2002"",""TA2002"");
YF[3][15][4] = new Array(""PTA2003"",""TA2003"");
YF[3][15][5] = new Array(""PTA2004"",""TA2004"");
YF[3][15][6] = new Array(""PTA2005"",""TA2005"");
YF[3][15][7] = new Array(""PTA2006"",""TA2006"");
YF[3][15][8] = new Array(""PTA2007"",""TA2007"");
YF[3][15][9] = new Array(""PTA2008"",""TA2008"");
YF[3][15][10] = new Array(""PTA2009"",""TA2009"");
YF[3][15][11] = new Array(""PTA2010"",""TA2010"");
PZ[3][16] = ""强麦"";
YF[3][16] = new Array;
YF[3][16][0] = new Array(""强麦连续"",""WH0"");
YF[3][16][1] = new Array(""强麦1911"",""WH1911"");
YF[3][16][2] = new Array(""强麦2001"",""WH2001"");
YF[3][16][3] = new Array(""强麦2003"",""WH2003"");
YF[3][16][4] = new Array(""强麦2005"",""WH2005"");
YF[3][16][5] = new Array(""强麦2007"",""WH2007"");
YF[3][16][6] = new Array(""强麦2009"",""WH2009"");
YF[3][16][7] = new Array(""强麦2011"",""WH2011"");
PZ[3][17] = ""动力煤"";
YF[3][17] = new Array;
YF[3][17][0] = new Array(""动力煤连续"",""ZC0"");
YF[3][17][1] = new Array(""动力煤1912"",""ZC1912"");
YF[3][17][2] = new Array(""动力煤2001"",""ZC2001"");
YF[3][17][3] = new Array(""动力煤2002"",""ZC2002"");
YF[3][17][4] = new Array(""动力煤2003"",""ZC2003"");
YF[3][17][5] = new Array(""动力煤2004"",""ZC2004"");
YF[3][17][6] = new Array(""动力煤2005"",""ZC2005"");
YF[3][17][7] = new Array(""动力煤2006"",""ZC2006"");
YF[3][17][8] = new Array(""动力煤2007"",""ZC2007"");
YF[3][17][9] = new Array(""动力煤2008"",""ZC2008"");
YF[3][17][10] = new Array(""动力煤2009"",""ZC2009"");
YF[3][17][11] = new Array(""动力煤2010"",""ZC2010"");
//股指期货
JYS[4] = ""中金所"";
PZ[4] = new Array;
YF[4] = new Array;
PZ[4][0] = ""沪深300指数期货"";
YF[4][0] = new Array;
PZ[4][1] = ""5年期国债期货"";
YF[4][1] = new Array;
PZ[4][2] = ""10年期国债期货"";
YF[4][2] = new Array;
PZ[4][3] = ""上证50指数期货"";
YF[4][3] = new Array;
PZ[4][4] = ""中证500指数期货"";
YF[4][4] = new Array;

/* 7wjiL9LhD848q1YiBzQ4P1T0dpBb1MepwPdjZRDGodvZ9gd+rlgSQ4oOlDCD7sRmmiBAsV05nmzFkfFP2E48iVQCQ9X1z6KpEbQDB4WF3NCxVGhXw/yJCuGDOAlQ1ApWjepnsKziZrOnDKl9JQCFwycKRyRsI7esdAs5Ql2cRP2kqnvc1b1ck+yEoxvKhe5Tp7QSotuyx15peazjQc1A89OwZKfcjVh8vmjqKhj4LVQ= */"
